Gender,Married,Dependents,Education,Self_Employed,ApplicantIncome,CoapplicantIncome,LoanAmount,Credit_History,Loan_Status
Male,Yes,0,Graduate,No,5000,2000,150,1,Y
Male,Yes,1,Graduate,No,3000,1500,100,1,Y
Female,No,0,Graduate,No,2500,0,80,1,Y
Male,Yes,2,Not Graduate,No,4000,1000,120,1,Y
Male,No,0,Graduate,Yes,2000,0,60,0,N
Female,No,0,Graduate,No,3500,0,90,1,Y
Male,Yes,3,Graduate,No,6000,2500,180,1,Y
Male,Yes,0,Not Graduate,Yes,2500,500,70,0,N
Female,No,0,Graduate,No,4500,0,110,1,Y
Male,Yes,1,Graduate,No,3200,1200,100,1,Y
Male,No,0,Graduate,No,1800,0,50,0,N
Female,Yes,2,Graduate,No,5500,1000,160,1,Y
Male,Yes,0,Graduate,Yes,7000,3000,200,1,Y
Female,No,1,Graduate,No,2800,0,75,1,Y
Male,Yes,2,Not Graduate,No,2200,1000,90,0,N
Male,No,0,Graduate,No,4800,0,130,1,Y
Female,Yes,0,Graduate,No,3600,800,95,1,Y
Male,Yes,3,Graduate,No,2500,2000,140,1,Y
Male,No,0,Not Graduate,Yes,1900,0,55,0,N
Female,No,0,Graduate,No,5200,0,125,1,Y